query,lat,lng
"3411 Bank St, Baltimore, MD 21224",39.2873036,-76.5681591
"5225 York Rd, Baltimore, MD 21212",39.3538004,-76.6095261
"606 Cherry Hill Rd, Baltimore, MD 21225",39.2505284,-76.6223205
"821 N Eutaw St, Baltimore, MD 21201",39.2991253,-76.6214532
"4623 Falls Road, Baltimore, MD 21209",39.3450502,-76.6406944
"3502 W Rogers Ave, Baltimore, MD 21215",39.3523594,-76.6827345
"4201 Primrose Ave, Baltimore, MD 21215",39.3494514,-76.6956153
"Baltimore, MD",39.2908816,-76.610759
"311 W Saratoga St, Baltimore, MD 21201",39.2927114,-76.6202554
"2036 W North Ave Baltimore, MD 21217",39.3098729,-76.6511046
"3734 Eastern Ave, Baltimore, MD 21224",39.286841,-76.565463
"800 W Baltimore St, Baltimore, MD 21201",39.2892102,-76.6294962
"4120 Patterson Ave, Baltimore, MD 21215",39.3537564,-76.7052269
"4151 Park Heights Ave, Baltimore, MD 21215",39.3368316,-76.6639632
"6050 Park Heights Ave, Baltimore, MD 21215",39.356659,-76.6901111
"1501 W Saratoga St, Baltimore, MD 21223",39.2918588,-76.6414727
"5807 Harford Rd, Baltimore, MD 21214",39.3553711,-76.5580191
"315 Homeland Southway, Baltimore, MD 21212",39.35222,-76.612649
"5124 Greenwich Ave, Baltimore, MD 21229",39.2903027,-76.7095782
"611 Cathedral St, Baltimore, MD 21201",39.2960358,-76.6168561
"528 E 20th St, Baltimore, MD 21218",39.3125776,-76.6091414
"6501 N Charles St, Baltimore, MD 21204",39.3714675,-76.6261188
"400 Cathedral St, Baltimore, MD 21201",39.2945237,-76.6173559
"1303 Orleans St, Baltimore, MD 21231",39.2946388,-76.5993089
"6401 York Rd, Baltimore, MD 21212",39.3728855,-76.6087282
"101 W 23rd St, Baltimore, MD 21218",39.3140877,-76.6186209
"620 Fallsway, Baltimore, MD 21202",39.2973439,-76.6106293
"36 S Charles St, Baltimore, MD 21201",39.2879676,-76.6154718
"2201 N Monroe St, Baltimore, MD 21217",39.3132231,-76.6478625
"3741 Commerce Dr, Baltimore, MD 21227",39.2510427,-76.6708375
"1410 Bush Street Baltimore, MD 21230",39.2762714,-76.6355376
"3001 E Madison St, Baltimore, MD 21205",39.2997678,-76.5751003
"1118 Ward St, Baltimore, MD 21230",39.2819356,-76.6329309
"800 W 36th St, Baltimore, MD 21211",39.331478,-76.6295992
335 W 27Th St Baltimore MD 21211-3004 USA,39.3191889,-76.6232811
"1125 N Patterson Park Ave, Baltimore, MD 21213",39.3043702,-76.5850925
"1100 E Fayette St, Baltimore, MD 21202",39.2921014,-76.6025837
"5502 York Rd, Baltimore, MD 21212",39.3570442,-76.6103574
"725 Fallsway, Baltimore, MD 21202",39.2981682,-76.6102259
"1029 E Baltimore St, Baltimore, MD 21202",39.2904001,-76.6020634
"2305 N Charles St, Baltimore, MD 21218",39.3156123,-76.6164858
"101 W. 23rd Street, Baltimore, MD 21218",39.3140877,-76.6186209
"1900 Bayard Street Baltimore, MD 21230",39.273933,-76.6296423
"400â€“402 S Bond St, Baltimore, MD 21231",39.2860036,-76.5953914
"425 N Chester St, Baltimore, MD 21231",39.2961825,-76.5874442
"4711 Edmondson Ave, Baltimore, MD 21229",39.2923479,-76.6994719
"2200 Halethorpe Farms Road, Baltimore, MD 21227",39.2242112,-76.6855615
"2422 W Patapsco Ave, Baltimore, MD 21230",39.2520586,-76.6490805
"1118 Ward Street, Baltimore, MD 21230",39.2819356,-76.6329309
"33 W North Ave, Baltimore, MD 21201",39.310794,-76.6177434
"5828 York Rd, Baltimore, MD 21212",39.3624037,-76.6108788
"320 Cathedral St, Baltimore, MD 21201",39.2937563,-76.6170364
"1400 E Lombard St, Baltimore, MD 21231",39.2904079,-76.5984055
"901 Hollins St, Baltimore, MD 21223",39.287666,-76.6322095
"1100 E Baltimore St, Baltimore, MD 21202",39.291072,-76.6021154
"1212 N Wolfe St, Baltimore, MD 21213",39.3049769,-76.5914066
"1111 N Charles St, Baltimore, MD 21201",39.3028623,-76.6154742
"421 Fallsway, Baltimore, MD 21202",39.2937855,-76.6093554
"3120 Erdman Ave, Baltimore, MD 21213",39.3211812,-76.5725293
"1101 N Eutaw St, Baltimore, MD 21201",39.3021717,-76.624253
"901 N Milton Ave, Baltimore, MD 21205",39.301363,-76.5820958
"420 N Chapel St, Baltimore, MD 21231",39.2958284,-76.5902355
"900 S Caton Ave, Baltimore, MD 21229",39.272754,-76.674359
"1800 Orleans St, Baltimore, MD 21287",39.2964392,-76.592394
"3001 S Hanover St, Baltimore, MD 21225",39.2518435,-76.6140313
"3222 Wilkens Ave, Baltimore, MD 21229",39.2748019,-76.6689598
"1111 E Cold Spring Ln, Baltimore, MD 21239",39.3444585,-76.5984921
"17 E Franklin St, Baltimore, MD 21202",39.29498,-76.6144914
"4130 Patterson Ave, Baltimore, MD 21215",39.3549833,-76.7049298
"211 E Madison St, Baltimore, MD 21202",39.2983864,-76.6120191
"323 E 25th St, Baltimore, MD 21218",39.3178287,-76.6119712
"414 Reisterstown Road Pikesville, MD 21208",39.3667844,-76.7158324
"119 E 25th St, Baltimore, MD 21218",39.3177631,-76.6144355
"7800 Harkins Rd, Lanham, MD 20706",38.9520217,-76.8731758
"1525 N Charles St, Baltimore, MD 21201",39.3064893,-76.6160654
"10 N Greene St, Baltimore, MD 21201",39.2896683,-76.6244938
"3901 The Alameda, Baltimore, MD 21218",39.3359963,-76.5978737
"600 N Wolfe St, Baltimore, MD 21287",39.2968851,-76.5924306
"222 N Franklintown Rd, Baltimore, MD 21223",39.29254,-76.6621428
"2828 Loch Raven Rd, Baltimore, MD 21218",39.3222018,-76.603319
"949 Gorsuch Ave, Baltimore, MD 21218",39.3256514,-76.6030936
"908 Washington Blvd, Baltimore, MD 21230",39.2831677,-76.631378
"23 E North Ave, Baltimore, MD 21202",39.3108361,-76.6156451
"200 E North Ave, Baltimore, MD 21202",39.3119022,-76.6131619
"7 E Redwood St, Baltimore, MD 21202",39.2891077,-76.6119754
"3800 Frederick Ave, Baltimore, MD 21229",39.2829437,-76.6795184
"1234 W North Ave, Baltimore, MD 21217",39.3103322,-76.6381433
"4130 W Forest Park Ave, Baltimore, MD 21207",39.3240926,-76.6890823
"1510 W Lafayette Ave, Baltimore, MD 21217",39.2990635,-76.642331
"417 E Fayette St, Baltimore, MD 21202",39.2903065,-76.6094251
"1221 Pimlico Rd, Baltimore, MD 21209",39.3652872,-76.6736169
4623 Falls Road Baltimore MD 21209 USA,39.3450502,-76.6406944
2835 Virginia Ave Baltimore MD 21215 USA,39.345004,-76.662062
4321 Old York Rd Baltimore MD 21212-4813 USA,39.3425728,-76.6071195
2620 Quantico Ave Baltimore MD 21215-7011 USA,39.3379176,-76.6620727
529 Walker Ave Baltimore MD 21212 USA,39.3716215,-76.6062109
5200 Denmore Ave Baltimore MD 21215-5027 USA,39.348641,-76.6781742
5011 Arbutus Ave Baltimore MD 21215-5723 USA,39.3425789,-76.6804459
5616 Park Heights Ave Baltimore MD 21215 USA,39.3527172,-76.6853794
3106 Liberty Heights Ave Baltimore MD 21215-7449 USA,39.3237113,-76.6686273
3401 Edgewood Rd Baltimore MD 21215-7320 USA,39.3260233,-76.673556
1355 Homestead St Baltimore MD 21218 USA,39.3231499,-76.5998408
624 Gutman Ave Baltimore MD 21218-5422 USA,39.3174891,-76.6067931
721 E 25TH ST Baltimore MD 21218 USA,39.3181626,-76.603137
2214 Evergreen St Baltimore MD 21216-2930 USA,39.3130513,-76.6606206
6622 Loch Raven Blvd Baltimore MD 21239 USA,39.3570796,-76.5898559
"2718 Harford Road, Baltimore, MD",39.320761,-76.5914847
116 W Pennsylvania Ave Towson MD 21204-4518 USA,39.4008877,-76.6056514
1407 Bolton St Baltimore MD 21217-4202 USA,39.30636,-76.625081
"1546 North Fremont Avenue, Baltimore, MD",39.3062334,-76.6387213
1542 N Gilmor St Baltimore MD 21217 USA,39.3063987,-76.643652
1609 Druid Hill Ave Baltimore MD 21217-3427 USA,39.304785,-76.6316377
3207 Marnat Rd Baltimore MD 21208-4506 USA,39.3722767,-76.7007929
3301 Windsor Ave Baltimore MD 21216-2616 USA,39.3118463,-76.6727435
2201 Garrison Blvd Baltimore MD 21216-2612 USA,39.3123307,-76.6751014
3200 Walbrook Ave Baltimore MD 21216-3032 USA,39.3103232,-76.6712825
5204 Liberty Heights Ave Baltimore MD 21207-7057 USA,39.3337342,-76.702031
5315 Harford Rd Baltimore MD 21214-2255 USA,39.3506771,-76.5624207
3001 Baker St Baltimore MD 21216-3905 USA,39.3056759,-76.6676244
1020 W Lafayette Ave Baltimore MD 21217-2555 USA,39.3086848,-76.6216397
6020 Marian Dr Baltimore MD 21215-3325 USA,39.349143,-76.7107645
3604 N Rogers Ave Baltimore MD 21207-7035 USA,39.3351205,-76.7049265
8240 Loch Raven Blvd Towson MD 21286 USA,39.3889764,-76.5722645
"1300 N Eden St, Baltimore, MD 21213",39.305292,-76.599692
817 N Mount St Baltimore MD 21217-2117 USA,39.2979603,-76.6442579
2848 W Lafayette Ave Baltimore MD 21216-4350 USA,39.298177,-76.664224
"1220 North Chester Street, Baltimore MD 21213",39.3051519,-76.5884999
1401 N Milton Ave Baltimore MD 21213 USA,39.3072374,-76.5825979
230 N Fulton Ave Baltimore MD 21223-1661 USA,39.2956189,-76.6456688
"1130 West Lexington Street, Baltimore, MD 21223",39.2910233,-76.6354497
7200 Harford Rd Baltimore MD 21234-7702 USA,39.3682661,-76.548007
209 W Fayette St Baltimore MD 21201-3403 USA,39.2902065,-76.6184456
2031 W Baltimore St Baltimore MD 21223-1559 USA,39.2878137,-76.649638
120 N Front St Baltimore MD 21202-4804 USA,39.2913453,-76.6063094
4 S Gay St Baltimore MD 21202-4007 USA,39.3013349,-76.5968835
2424 McElderry St Baltimore MD 21205 USA,39.297822,-76.582783
219 N Chester St Baltimore MD 21231-1302 USA,39.2845078,-76.5869677
4000 Sinclair Ln Baltimore MD 21213 USA,39.316469,-76.5580841
2301 Putty Hill Ave Parkville MD 21234-3914 USA,39.3898065,-76.5459221
535 S Smallwood St Baltimore MD 21223-2947 USA,39.2903581,-76.6515972
"123 N Clinton St, Baltimore, MD 21212",39.2939127,-76.5708218
"4301 Raspe Avenue, Baltimore, MD 21206",39.3490108,-76.5346121
"8203 Harford Rd, Parkville, MD 21234",39.3783284,-76.5387281
2612 Wilkens Ave Baltimore MD 21223-3313 USA,39.2791871,-76.656831
360 S Dukeland St Baltimore MD 21223-2701 USA,39.280234,-76.6626556
5401 Frankford Ave Baltimore MD 21206-6139 USA,39.3231256,-76.5414527
"1021 Leadenhall Street, Baltimore, MD 21230",39.2774072,-76.6174073
8801 Harford Rd Parkville MD 21234-4121 USA,39.3834059,-76.5337001
141 S Clinton St Baltimore MD 21224-2341 USA,39.2936336,-76.5709697
"8910 Waltham Woods Rd, Parkville, MD 21234",39.401979,-76.542298
1927 Featherbed Ln Baltimore MD 21207-4125 USA,39.3240259,-76.7402969
6000 Radecke Ave Baltimore MD 21206-3955 USA,39.330867,-76.531724
1512 Woodlawn Dr Baltimore MD 21207-4009 USA,39.3063837,-76.7342482
5110 Frederick Ave Baltimore MD 21229-3218 USA,39.2815135,-76.6995342
7222 Ambassador Rd Windsor Mill MD 21244-2724 USA,39.3291269,-76.7513354
2216 Pot Spring Rd Timonium MD 21093 USA,39.4496037,-76.6083636
6901 Security Blvd Windsor Mill MD 21244-2412 USA,39.3124769,-76.7505314
1040 S Beechfield Ave Baltimore MD 21229-4938 USA,39.277066,-76.6948843
4414 Wilkens Ave Baltimore MD 21229-4720 USA,39.2738371,-76.6708556
8301 Liberty Rd Windsor Mill MD 21244-3107 USA,39.356124,-76.7661207
3301 Milford Mill Rd Baltimore MD 21244-2042 USA,39.3476658,-76.7675314
1930 Brookdale Rd Windsor Mill MD 21244-1704 USA,39.3131358,-76.7593679
7710 Windsor Mill Rd Baltimore MD 21244-2037 USA,39.312484,-76.7111606
9621 Reisterstown Rd Owings Mills MD 21117-4134 USA,39.4048116,-76.7585013
5115 Old Court Rd Randallstown MD 21133-4701 USA,39.3633634,-76.7764017
7900 E Baltimore St Baltimore MD 21224-2010 USA,39.2966629,-76.5220079
8615 Church Ln Randallstown MD 21133-4632 USA,39.365692,-76.7778622
3225 Round Rd Brooklyn MD 21225 USA,39.2454365,-76.6262536
25 Bloomsbury Ave Catonsville MD 21228-4641 USA,39.2709673,-76.7309059
1200 Linden Ave Arbutus MD 21227-2423 USA,39.2547084,-76.6988237
"2700 Washington Avenue, Halethorpe, MD 21227",39.2435737,-76.6611511
"67 Winters Ln, Catonsville, MD 21228",39.2749788,-76.7385774
8701 Winands Rd Randallstown MD 21133-4001 USA,39.3802974,-76.7817114
200 Bloomsbury Ave Catonsville MD 21228-5222 USA,39.2670096,-76.7304111
7000 Rossville Blvd Rosedale MD 21237 USA,39.3494047,-76.4871087
"8701 Winands Road, Randallstown, MD 21133",39.3802974,-76.7817114
3820 S Hanover St Baltimore MD 21225-1709 USA,39.2359457,-76.6111456
"3501 7th St, Brooklyn, Baltimore, MD 21225, USA",39.2378198,-76.5994695
603 E Patapsco Ave Baltimore MD 21225-1954 USA,39.2442846,-76.6322519
3701 4Th St Brooklyn MD 21225-2026 USA,39.2359325,-76.6058546
9202 Philadelphia Rd Rosedale MD 21237-4319 USA,39.3503525,-76.4697202
7544 Holabird Ave Dundalk MD 21222-2104 USA,39.2709882,-76.5053552
518 Franklin Ave Essex MD 21221-6721 USA,39.3107935,-76.4763825
524 Maryland Ave Essex MD 21221-6734 USA,39.3084785,-76.4738481
196 Hammonds Ln Brooklyn Park MD 21225-3649 USA,39.2156577,-76.6184337
75 Chandelle Rd Middle River MD 21220-3541 USA,39.3370504,-76.4536828
155 Orville Rd Essex MD 21221-1309 USA,39.3257027,-76.4506889
101 Avon Beach Rd Dundalk MD 21222-6105 USA,39.2429827,-76.5124343
"7828 Saint Patricia Lane, Dundalk, MD 21222",39.2692896,-76.4747928
4317 North Point Blvd Dundalk MD 21222-5048 USA,39.2581825,-76.4626659
725 Main St Reisterstown MD 21136-2501 USA,39.4522039,-76.8198048
308 Main St Reisterstown MD 21136-1904 USA,39.4619202,-76.8284223
"11832 Eastern Avenue, Middle River, MD 21220",39.3478937,-76.3882123
"10262 Baltimore National Pike, Ellicott City, MD 21042",39.2817328,-76.8664574
7566 E Howard Rd Glen Burnie MD 21060-8313 USA,39.1537396,-76.5852651
9055 Tamar Dr Columbia MD 21045-2756 USA,39.2097455,-76.8232353
7006 Graces Quarters Rd Middle River MD 21220-1623 USA,39.3620464,-76.3659486
8146 Quarterfield Rd Severn MD 21144-2705 USA,39.1229793,-76.6708077
1100 Philadelphia Rd Joppa MD 21085-3204 USA,39.4400019,-76.3399878
26 Magothy Beach Rd Pasadena MD 21122-4428 USA,39.1205343,-76.5187572
8187 Telegraph Rd Severn MD 21144-3205 USA,39.1080333,-76.6926914
961 Johnsville Rd Sykesville MD 21784 USA,39.4047233,-76.9608766
110 Ritchie Hwy Pasadena MD 21122-4304 USA,39.1104635,-76.5757591
"1918 Pulaski Hwy, Edgewood, MD 21040",39.4393713,-76.2965985
915 Liberty Road Eldersburg MD 21784 USA,39.4066247,-76.9651567
8232 Redmiles Ln Odenton MD 21113-1100 USA,39.101183,-76.6925793
1980 Trimble Rd Edgewood MD 21040 USA,39.4181083,-76.3069461
429 Asbury Dr Severna Park MD 21146-1373 USA,39.081522,-76.5480179
"21 Linwood Ave, Bel Air, MD 21014",39.5316479,-76.3432741
12430 Scaggsville Rd Highland MD 20777-9727 USA,39.1676448,-76.9443123
6750 Woodbine Rd Woodbine MD 21797-9402 USA,39.3894146,-77.0566266
4901 Woodbine Rd Sykesville MD 21784-9348 USA,39.4397958,-77.0544904
640 Lucabaugh Mill Rd Westminster MD 21157-3814 USA,39.5911834,-76.9704067
658 Lucabaugh Mill Rd Westminster MD 21157-3814 USA,39.5923934,-76.9715428
10 Distillery Dr Westminster MD 21158-7160 USA,39.5757028,-76.9945658
708 Highland Rd Street MD 21154-1306 USA,39.6686557,-76.3775386
10 Hudson St Annapolis MD 21401 USA,38.9841277,-76.5338041
2000 Capital Dr Annapolis MD 21401-4686 USA,38.984086,-76.5306708
21366 Sharp St Rock Hall MD 21661-0477 USA,39.1358575,-76.2322185
101 W Bel Air Avenue Aberdeen MD 21001 USA,39.5101728,-76.1654703
"21 Aberdeen Avenue, Aberdeen, MD",39.5039962,-76.1582957
1740 Forest Dr Annapolis MD 21401-4210 USA,38.9693619,-76.5183986
225 Michael Ln Aberdeen MD 21001 USA,39.5113268,-76.1518249
"300 Seneca Ave, Havre de Grace, MD",39.536077,-76.099664
"105 N Mill St, Chestertown, MD 21620",39.2104012,-76.0682377
305 N Kent St Chestertown MD 21620-1609 USA,39.2143669,-76.0609153
515 Otsego St Perryville MD 21903-2704 USA,39.561353,-76.0740944
"12060 Main Street, Libertytown, MD 21762",39.4844191,-77.2497835
960 Craigtown Rd Port Deposit MD 21904-1654 USA,39.6303747,-76.0766224
"38 West Baltimore Street, Taneytown, MD",39.6608369,-77.1771219
"74 Frederick St, Taneytown, MD 21787",39.6583786,-77.1785791
206 Del Rhodes Ave Queenstown MD 21658-1364 USA,38.9898104,-76.1569329
301 Homewood Ave Centreville MD 21617-1306 USA,39.047828,-76.0694324
21 W Frederick St Walkersville MD 21793-8230 USA,39.4791333,-77.3542905
608 E Patrick St Frederick MD 21701-5732 USA,39.4010802,-77.3723473
419 W South St Frederick MD 21701-6326 USA,39.4117449,-77.4186873
392 Cypress St Millington MD 21651-1160 USA,39.2587364,-75.838047
130 S Seton Ave Emmitsburg MD 21727-0074 USA,39.7107621,-77.315883
"227 Basil Avenue, Chesapeake City, MD 21915",39.5185461,-75.822715
4004 Ballenger Creek Pike Frederick MD 21703-7942 USA,39.34447,-77.474818
103 Railroad Ave St Michaels MD 21663-0354 USA,38.786453,-76.2244843
10 Frederick Rd Thurmont MD 21788-1809 USA,39.6214963,-77.4120803
200 Road B Elkton MD 21921-6695 USA,39.6023438,-75.844955
768 Blue Ball Rd Elkton MD 21921-4852 USA,39.629729,-75.857315
135 E High St Elkton MD 21921-5624 USA,39.6091294,-75.8319875
756 Elk Mills Rd Elk Mills MD 21920-0012 USA,39.6575951,-75.8254155
6045 Solomons Island Rd Huntingtown MD 20639-8876 USA,38.6065407,-76.613605
"1009 North Washington Street, Easton, MD",38.795297,-76.0643583
"3449 Falls Road, Baltimore, MD, 21211",39.3297325,-76.6341862
"25550 Point Lookout Road, Leonardtown, MD 20650",38.2976857,-76.6365313
"961 Johnsville Road, Sykesville, MD, 21784",39.4047233,-76.9608766
"8106 Georgia Avenue, Silver Spring, MD, 20910",38.990572,-77.0265155
"3235 Leonardtown Road, Waldorf, MD, 20601",38.6224484,-76.9037739
"1118 Ward Street, Baltimore, MD, 21230",39.2819356,-76.6329309
"1546 North Fremont Avenue, Baltimore, MD, 21217",39.3062334,-76.6387213
"20331 Point Lookout Road, Great Mills, MD, 20634",38.2373097,-76.4992697
"1501 McCulloh Street, Baltimore, MD, 21217",39.3044096,-76.629665
"14515 Pennsylvania Avenue, Hagerstown, MD, 21742",39.7134094,-77.7218687
"1300 North Eden Street, Baltimore, MD, 21213",39.305292,-76.599692
"26 South Mount Street, Baltimore, MD, 21223",39.2867151,-76.6439383
"2424 McElderry Street, Baltimore, MD, 21205",39.297822,-76.582783
"125 North Prospect Street, Hagerstown, MD, 21740",39.6454831,-77.723194
"419 West South Street, Frederick, MD, 21701",39.4117449,-77.4186873
"14 South Benedum Street, Union Bridge, MD, 21791",39.567839,-77.176728
"110 Townsend Avenue, Brooklyn, MD, 21225",39.225655,-76.6131903
"326 Barclay Street, Salisbury, MD, 21804",38.3712595,-75.5905013
"1542 North Gilmor Street, Baltimore, MD, 21217",39.3063987,-76.643652
"3501 7th Street, Brooklyn, MD, 21225",39.2378198,-76.5994695
"102 North Division Street, Ocean City, MD, 21842",38.3316716,-75.0863166
"524 Maryland Avenue, Essex, MD, 21221",39.3084785,-76.4738481
"21 Linwood Avenue, Bel Air, MD, 21014",39.5316479,-76.3432741
"202 South 4th Street, Oakland, MD, 21550",39.4073258,-79.4057233
"2500 Edmondson Avenue, Baltimore, MD, 21223",39.2949476,-76.6567248
"300 Hahn Road, Westminster, MD, 21157",39.5872344,-76.9846245
"4207 Frederick Avenue, Baltimore, MD, 21229",39.2814033,-76.6848363
"201 North Potomac Street, Hagerstown, MD, 21740",39.645025,-77.7182528
"20 West Montgomery Street, Baltimore, MD, 21230",39.280087,-76.615304
"16 South Poppleton Street, Baltimore, MD, 21201",39.2881979,-76.6323602
"4 South Gay Street, Baltimore, MD, 21202",39.2894569,-76.6091216
"525 George Street, Hagerstown, MD, 21742",39.6479109,-77.7272491
"23 North Court Street, Westminster, MD, 21157",39.5703792,-76.989148
"226 Washburn Avenue, Brooklyn, MD, 21225",39.2360866,-76.6091027
"17 Bond Street, Westminster, MD, 21157",39.5755339,-76.9982086
"1142 North Fulton Avenue, Baltimore, MD, 21217",39.3018615,-76.6462775
"10 Hudson Street, Annapolis, MD, 21401",38.9841277,-76.5338041
"110 W Lafayette Avenue, Baltimore, MD, 21217",39.308303,-76.6223733
"21 Carroll Street, Westminster, MD, 21157",39.5781047,-76.9970187
"116 West Pennsylvania Avenue, Towson, MD, 21204",39.4008877,-76.6056514
"1601 Old Eastern Avenue, Essex, MD, 21221",39.3153903,-76.4498832
"402 South Bond Street, Baltimore, MD, 21231",39.2863696,-76.5955317
"30397 Mount Vernon Road, Princess Anne, MD, 21853",38.2137599,-75.6980372
"5828 York Road, Baltimore, MD, 21212",39.3624037,-76.6108788
"740 North Calvert Street, Baltimore, MD, 21202",39.2980995,-76.6130426
"246 Main Street, Reisterstown, MD, 21136",39.462339,-76.8288821
"898 Airport Park Road, Glen Burnie, MD, 21061",39.1735972,-76.6443852
"304 5th Avenue Southeast, Glen Burnie, MD, 21061",39.157252,-76.6239743
"27765 Nanticoke Road, Salisbury, MD, 21801",38.3679075,-75.6505473
"301 Cumberland Street, Cumberland, MD, 21502",39.6518449,-78.7656614
"101 West 23rd Street, Baltimore, MD, 21218",39.3140877,-76.6186209
"301 College Parkway, Arnold, MD, 21012",39.0513554,-76.5063491
"30 South Martin Street, Clear Spring, MD, 21722",39.6546791,-77.9315498
"30632 Hampden Avenue, Princess Anne, MD, 21853",38.199071,-75.689323
"3000 Huntington Circle, Waldorf, MD, 20602",38.610552,-76.902747
"1 Grand Avenue, Cumberland, MD, 21502",39.638555,-78.76016
"4700 Erie Street, College Park, MD, 20740",39.0071377,-76.9293455
"114 North Union Avenue, Havre De Grace, MD, 21078",39.5479257,-76.0920189
"1472 Addison Road South, Capitol Heights, MD, 20743",38.8674756,-76.892325
"206 North Commerce Street, Centreville, MD, 21617",39.0456172,-76.0641518
"403 South 7th Street, Denton, MD, 21629",38.8801172,-75.8270253
"947 North Burhans Boulevard, Hagerstown, MD, 21742",39.6575733,-77.7190647
"3902 Annapolis Road, Halethorpe, MD, 21227",39.2418869,-76.6413957
"350 Montevue Lane, Frederick, MD, 21702",39.4317097,-77.4369776
"290 South Center Street, Westminster, MD, 21157",39.5675027,-76.9958676
"1001 East Fayette Street, Baltimore, MD, 21202",39.291005,-76.6031476
"1025 Memorial Drive, Oakland, MD, 21550",39.4163665,-79.392323
"4545 Crain Highway, White Plains, MD, 20695",38.5893523,-76.945644
"9411 Whiskey Bottom Road, Laurel, MD, 20723",39.1162585,-76.836239
